{
	"group_no": 601031001000,
	"no": 601031001001,
	"img_no": 1,
	"catecode": "060103",
	"cate1": "사과",
	"cate2": "부사",
	"cate3": "특",
	"width": "8.8",
	"height": "8.8",
	"weight": "348",
	"copyright": "",
	"repo": "사과/부사/특/1",
	"identifier": "1.png",
	"format": "png",
	"img_height": 1000,
	"img_width": 1000,
	"date": "2020-11-05 08:33:28",
	"resolution": 1000000,
	"bit": "24",
	"f_stop": "F/2",
	"exposure_time": "1/188",
	"iso": "ISO-25",
	"focal_length": "5mm",
	"full_aperture": "none",
	"white_balance": "auto",
	"gps_lng": "",
	"gps_lat": "",
	"truncated": "on",
	"angle_direction": "top",
	"verticality_angle": 0,
	"horizontality_angle": 45,
	"bndbox": {
		"xmin": 0,
		"ymin": 0,
		"xmax": 1000,
		"ymax": 1000
	}
}